{
  "pnl_total": -2.47,
  "equity_final": 97.53122025649458,
  "wins": 0,
  "losses": 1,
  "winrate": 0.0,
  "profit_factor": 0.0,
  "max_drawdown": 2.468779743505422,
  "sharpe_like": 0.0,
  "sortino_like": -19.1049731745428,
  "trades_path": "backtests/backtest_20251006_223531/trades.csv",
  "score": -1000000000.0
}