{
  "pnl_total": -0.64,
  "equity_final": 99.36473898439044,
  "wins": 0,
  "losses": 1,
  "winrate": 0.0,
  "profit_factor": 0.0,
  "max_drawdown": 0.6352610156095579,
  "sharpe_like": 0.0,
  "sortino_like": -19.1049731745428,
  "trades_path": "backtests/backtest_20251006_224040/trades.csv",
  "score": -1000000000.0
}