{
  "pnl_total": -23.5,
  "equity_final": 76.49771245713283,
  "wins": 0,
  "losses": 5,
  "winrate": 0.0,
  "profit_factor": 0.0,
  "max_drawdown": 23.502287542867165,
  "sharpe_like": 0.0,
  "sortino_like": -19.1049731745428,
  "trades_path": "backtests/backtest_20251007_001659/trades.csv",
  "score": -1000000000.0
}