{
  "pnl_total": 4786.769999999997,
  "equity_final": 4124.196469495173,
  "wins": 5369,
  "losses": 4251,
  "winrate": 0.5581081081081081,
  "profit_factor": 1.1491143360370626,
  "max_drawdown": 717.8370259340559,
  "sharpe_like": 7.981648337047319,
  "sortino_like": 79.1459275566779,
  "trades_path": "backtests/backtest_20251007_003732/trades.csv",
  "score": 115.309293869642
}