{
  "pnl_total": -7.629999999999997,
  "equity_final": 92.36010597660078,
  "wins": 3,
  "losses": 7,
  "winrate": 0.3,
  "profit_factor": 0.32358156028368806,
  "max_drawdown": 9.756156222122783,
  "sharpe_like": 0.0,
  "sortino_like": -19.1049731745428,
  "trades_path": "backtests/backtest_20251006_221903/trades.csv",
  "score": -1000000000.0
}