{
  "pnl_total": -5.1000000000000005,
  "equity_final": 94.90428997295584,
  "wins": 1,
  "losses": 2,
  "winrate": 0.3333333333333333,
  "profit_factor": 0.24999999999999997,
  "max_drawdown": 6.798567814040339,
  "sharpe_like": -10.2386940310724,
  "sortino_like": -11.05263578753171,
  "trades_path": "backtests/backtest_20251007_223002/trades.csv",
  "score": -1000000000.0
}